C_RAMA,VALOR
1,189.99999999999994
2,230.0
3,489.99999999999994
4,575.0
5,95.0
