C_AGREGADO,VALOR
F1,717012000000.0
F2,11412999999.999998
F3,224689000000.0
F4,233995999999.99997
F5,12407000000.0
F6,241717700000.00003
F7,128041300000.0
