C_AGREGADO,VALOR
F1,695659000000.0
F2,11954000000.000002
F3,216332000000.0
F4,216932000000.0
F5,8600000000.0
F6,233141700000.00003
F7,123534300000.0
