C_AGREGADO,VALOR
F1,730110000000.0001
F2,13227000000.0
F3,234928000000.0
F4,249502000000.0
F5,9931000000.0
F6,249728000000.00003
F7,129773999999.99998
